PDB_name,fa_elec,pro_close,res_count_core_SCN,omega,unsat_hbond,pack,fa_dun_rot,one_core_each,lk_ball_bridge_uncpl,hbond_bb_sc,ss_contributes_core,AlaCount,helix_sc,lk_ball_bridge,fa_intra_elec,contact_core_SASA,fa_intra_rep_xover4,contact_all,fa_dun_semi,loop_sc,rama_prepro,hbond_lr_bb,fa_intra_sol_xover4,bb,two_core_each,mismatch_probability,hbond_sc,fa_atr,p_aa_pp,lk_ball_iso,lk_ball,hbond_sr_bb,res_count_core_SASA,percent_core_SCN,ss_sc,ref,nres,fa_rep,entropy,fa_dun_dev,fa_sol,percent_core_SASA,dslf_fa13,fa_intra_atr_xover4,hxl_tors,contact_core_SCN,degree
EEHEE_rd4_0872.pdb,-81.71061230864463,0.09282625025387287,8.0,3.706447081519861,1.0,0.7083373845300955,15.077209671465564,0.8,32.5908039227475,-2.7752722989366276,1.0,4.0,0.8498406708240509,7.065394434614848,-6.1961216674555475,156.0,23.843368505559003,156.0,50.51481881831237,0.7543279198645326,-8.720624502397847,-16.645554888431505,9.42729245794313,-0.38701592393470136,0.4,0.2751667927303161,-10.358315122488664,-238.0411970044404,-22.854866713890466,218.07685853749643,87.08160227225335,-16.460771556354853,3.0,0.1860032550569635,0.7937747546625702,-10.217690000000006,43.0,48.998431829861914,0.0,4.628686364225669,142.05075467336695,0.06975122064636131,0.0,-14.350368328587695,16.014144013623945,156.0,10.023255813953488
HHH_rd4_0898.pdb,-112.06297510148936,0.0,9.0,5.47010804816109,3.0,0.6163197141784855,35.61301756192162,1.0,33.43456399577009,-8.714997679922998,1.0,1.0,0.7418715626947192,7.709264640453151,-0.982543485138758,111.0,17.96278844401663,111.0,55.15642696614945,0.8050330633495333,-16.192580287063898,-1.8939292720850427,10.638706135446167,-0.044034626181935425,0.6666666666666666,0.08780974075489978,-10.15032271502476,-248.98262861400926,-14.664485831067761,253.55592331962896,106.61421175651033,-30.024723853199614,7.0,0.20925366193908396,0.758077660660772,-31.546079999999993,43.0,52.76039743658067,0.0,4.47531765508324,188.6700406265201,0.16275284817484306,0.0,-14.874932713440986,2.6417658257271683,111.0,10.069767441860465
EHEE_rd4_0594.pdb,-80.76185919792621,0.0,7.0,8.162365456470301,1.0,0.6748153232563412,17.812467532037733,1.0,28.130223918553224,-1.2067248947310467,1.0,2.0,0.7248599231243134,6.652511685671434,-7.861317392092992,134.0,8.77743529221045,134.0,64.73514079548102,0.6893301336964582,-7.631714120299531,-14.670001495944843,8.956500149326242,-0.36665837280541974,0.5,0.30348264483010345,-12.784813548023068,-212.43460143952205,-20.940143773589224,191.77323915734138,77.21997685694032,-14.463701355946895,4.0,0.17495626093476632,0.7067620142587414,-12.49617,40.0,42.10599185790554,0.0,3.1933713575421216,126.26472014642844,0.0999750062484379,0.0,-14.327209339768698,2.248450139920226,134.0,9.75
EHEE_rd4_0652.pdb,-80.09535640773257,0.0,7.0,8.590372085149967,2.0,0.6159010208704829,25.720794270799452,0.75,32.36524532826017,-1.6873129678181982,1.0,3.0,0.7902066707611084,7.971443505450857,-3.118512896250774,93.0,15.282189823540428,93.0,52.596601439936016,0.5955500901480163,-13.221695817833183,-16.457953955518708,8.872645753683086,-0.4113460123848715,0.5,0.31774852522779806,-10.82931494061859,-202.98301505071015,-20.835501908402893,191.94933387539822,77.85512613899692,-13.075007679538139,4.0,0.17495626093476632,0.685380565609187,-21.30836,40.0,37.579987783389406,0.0,3.7204349541082675,134.36624331704652,0.0999750062484379,0.0,-13.31198195432673,16.1506102206498,93.0,9.75
EHEE_rd4_0497.pdb,-78.10461785980027,0.02407156983821604,4.0,4.2495519552424295,3.0,0.7179267075036707,16.585200931175137,0.75,26.10236987447616,-0.5624032357037099,1.0,3.0,0.7667937874794006,7.311311879414224,-7.687461947278453,146.0,10.147621535493403,146.0,55.89342608552307,0.5872054200869179,-3.1112571743610404,-13.611576150712146,8.808744047844126,-0.3402043526796338,0.25,0.27024640429667235,-10.111671780715005,-210.22499416663305,-20.211034742810025,188.81580602943828,75.77655373332306,-14.273829276729877,3.0,0.0999750062484379,0.6833854202021246,-11.342600000000004,40.0,40.238751092220184,0.0,2.930696963661563,122.94082615802664,0.07498125468632842,0.0,-15.432327270135659,6.695335570830551,146.0,9.85
HEEH_rd4_0544.pdb,-86.76800667257945,0.0,8.0,7.719676900069603,5.0,0.7176879353277638,22.369439825052286,1.0,32.67471188389014,-6.332292287905423,1.0,0.0,0.7962506520775451,7.497373940299824,-1.5712153021927264,146.0,12.306108419313944,146.0,49.68852739673677,0.8012784510779185,-11.672070327156554,-5.206880004828488,9.100297686179218,-0.12106207869863957,0.75,0.2723307732523229,-13.363476821008028,-240.44698368418,-18.437040923178554,233.8142008156232,94.20456349516931,-21.22196584457417,9.0,0.1860032550569635,0.798149594476417,-22.59022999999999,43.0,48.35463601300307,0.0,5.18430534739169,162.01544426613185,0.20925366193908396,0.0,-14.715921892334155,21.197091792910225,146.0,9.651162790697674
HHH_rd4_0593.pdb,-100.67614418899667,0.0,9.0,3.1519942415680293,1.0,0.6414000149199246,30.106654175360497,1.0,27.82066338675476,-8.043162838413595,1.0,2.0,0.7666206711235358,7.231343821142052,-1.2723239832346491,102.0,14.13225075429387,102.0,50.05752535692497,0.8155371394312018,-19.57240912286859,-1.6077726109410482,10.473963259025334,-0.037381367378308494,1.0,0.08505507392379519,-13.054178426097218,-248.99555161611985,-15.33903011321678,250.64766480369752,101.49955769655665,-27.12999759548216,8.0,0.20925366193908396,0.7762265953558166,-32.94696,43.0,54.75974544798117,0.0,6.061793746966801,181.37702011215146,0.1860032550569635,0.0,-14.710887723510108,3.498249316774431,102.0,10.209302325581396
EHEE_rd4_0964.pdb,-70.93613997216305,0.1571168548956526,5.0,9.451812629527788,2.0,0.6928531880270453,14.85743220041373,0.75,26.98926340326349,0.0,1.0,5.0,0.7963704466819763,6.447636673135229,-6.397533746219521,119.0,11.172717465090972,119.0,49.45477117529047,0.7753656559451755,-7.697574387808144,-15.545035809668189,7.417725805007134,-0.388528763050942,0.5,0.32227112037512284,-12.664537448771402,-208.35553860943108,-19.524933803520472,191.5374256881177,77.80396022236927,-14.892862229430975,2.0,0.12496875781054737,0.7855427006650495,-3.9516599999999973,40.0,43.17217767299757,0.0,2.6453571925147474,121.23164834016006,0.04998750312421895,0.0,-13.044484160974823,9.06184588131766,119.0,9.75
EHEE_rd4_0077.pdb,-81.24126947146466,0.0,6.0,9.987425225776747,0.0,0.5846537033733018,28.62463696550305,1.0,26.541879049731175,-1.2253913145188107,1.0,3.0,0.7529617249965668,7.037697259426488,-3.5458587389546365,101.0,13.789114877830455,101.0,48.63223862544797,0.6561696813057726,-5.41718012756922,-18.718157514141616,8.374480812950257,-0.4678369786088882,0.5,0.294061248026501,-11.991786688714807,-212.0210023714218,-15.81267425296587,193.99465911496986,80.21964214029364,-13.722414279368266,3.0,0.14996250937265684,0.7026848900193412,-19.465909999999997,40.0,41.20211376686869,0.0,3.7173149688838163,130.5648830785625,0.07498125468632842,0.0,-14.26064804203831,4.250441581818793,101.0,9.6
HEEH_rd4_0428.pdb,-79.8162626465874,0.0,9.0,5.629581660455214,3.0,0.6083770532015758,23.796605920580067,1.0,33.8593095761588,-4.240366883813731,1.0,0.0,0.7609049860207173,8.74719740368415,-4.680471251132412,122.0,17.89493295156352,122.0,53.9119449865333,0.7552747349114477,-18.209279159902632,-2.9604857256395207,9.596732965242735,-0.06883249768982844,0.75,0.26557467957285974,-10.23892608094939,-242.629785034947,-15.621814689921912,230.17309795021794,95.84146368956502,-23.06853600128655,7.0,0.20925366193908396,0.7594279475751746,-33.015199999999986,43.0,55.53389730470891,0.0,4.306130467769745,160.81769648108335,0.16275284817484306,0.0,-15.426698369773346,17.872482657456686,122.0,9.511627906976743
